{
  "a": -1.2579994e-04,
  "b":  1.0678395e-05
}
