{
  "a": -1.6462789e-04,
  "b": -8.4598339e-06,
  "c":  1.8898584e-06
}
